{"UUID":"dWvY6IXovbGOe9D6oiI5NN","name":"Parabeac Counter App Demo (Copy)","isVisible":true,"debug":false,"pngPath":"/usr/src/app/temp-out/pb-tmp-e79a5586-6d8f-4a19-86f6-4946e9c62d9f/theme/lib/assets/images","pages":[{"UUID":"0:1","name":"Page 1","isVisible":true,"convert":true,"screens":[],"pbdlType":"page"}],"miscPages":[],"sharedStyles":[],"globalStyles":{"UUID":"","layoutMainAxisSizing":null,"layoutCrossAxisSizing":null,"name":"","isVisible":false,"boundaryRectangle":null,"style":null,"prototypeNodeUUID":null,"child":null,"constraints":null,"pbdlType":"global_styles","colors":[{"UUID":"825:4","layoutMainAxisSizing":null,"layoutCrossAxisSizing":null,"name":"Parabeac Yellow","isVisible":false,"boundaryRectangle":null,"style":null,"prototypeNodeUUID":null,"child":null,"constraints":null,"description":"","pbdlType":"global_color","color":{"a":1.0,"r":1.0,"g":0.7843137383460999,"b":0.0}},{"UUID":"825:5","layoutMainAxisSizing":null,"layoutCrossAxisSizing":null,"name":"ParabeacGreen","isVisible":false,"boundaryRectangle":null,"style":null,"prototypeNodeUUID":null,"child":null,"constraints":null,"description":"","pbdlType":"global_color","color":{"a":1.0,"r":0.0,"g":0.8588235378265381,"b":0.7215686440467834}},{"UUID":"825:6","layoutMainAxisSizing":null,"layoutCrossAxisSizing":null,"name":"Parabeac Orange","isVisible":false,"boundaryRectangle":null,"style":null,"prototypeNodeUUID":null,"child":null,"constraints":null,"description":"","pbdlType":"global_color","color":{"a":1.0,"r":1.0,"g":0.6392157077789307,"b":0.21960784494876862}}],"textStyles":[{"UUID":"825:8","layoutMainAxisSizing":null,"layoutCrossAxisSizing":null,"name":"SalsaText","isVisible":false,"boundaryRectangle":null,"style":null,"prototypeNodeUUID":null,"child":null,"constraints":null,"description":"","pbdlType":"global_text_style","textStyle":{"UUID":"","name":"","isVisible":false,"prototypeNodeUUID":"","fontFamily":"Salsa","fontPostScriptName":"Salsa-Regular","paragraphSpacing":0,"paragraphIndent":0,"listSpacing":0,"italics":null,"fontWeight":400,"fontSize":30.0,"textCase":"ORIGINAL","textDecoration":"NONE","textAutoResize":"WIDTH_AND_HEIGHT","textAlignHorizontal":"LEFT","textAlignVertical":"TOP","letterSpacing":0.0,"fills":null,"hyperLink":null,"opentypeFlags":{},"lineHeightPx":35.15625,"lineHeightPercent":100.0,"lineHeightPercentFontSize":null,"lineHeightUnit":"INTRINSIC_%","pbdlType":"text_style"}},{"UUID":"831:4","layoutMainAxisSizing":null,"layoutCrossAxisSizing":null,"name":"bold italic","isVisible":false,"boundaryRectangle":null,"style":null,"prototypeNodeUUID":null,"child":null,"constraints":null,"description":"","pbdlType":"global_text_style","textStyle":{"UUID":"","name":"","isVisible":false,"prototypeNodeUUID":"","fontFamily":"Libre Bodoni","fontPostScriptName":"LibreBodoniItalic-Bold","paragraphSpacing":0,"paragraphIndent":0,"listSpacing":0,"italics":true,"fontWeight":700,"fontSize":36.0,"textCase":"ORIGINAL","textDecoration":"NONE","textAutoResize":"WIDTH_AND_HEIGHT","textAlignHorizontal":"LEFT","textAlignVertical":"TOP","letterSpacing":0.0,"fills":null,"hyperLink":null,"opentypeFlags":{},"lineHeightPx":42.1875,"lineHeightPercent":100.0,"lineHeightPercentFontSize":null,"lineHeightUnit":"INTRINSIC_%","pbdlType":"text_style"}}]},"pbdlType":"project","azure_container_uri":"https://pbnestcore.blob.core.windows.net/dwvy6ixovbgoe9d6oii5nn"}